instance,seq,initialisation,ordre_voisinage,limit_stagnation,strategie_recherche,temps
1010200.txt ,"149,148,46,182,127,11,193,58,1,161,77,117,49,17,16,107,60,110,200,166,43,74,123,197,162,61,154,18,120,4,111,122,87,160,5,26,94,19,21,184,39,82,106,195,20,79,59,34,48,196,151,98,95,168,141,190,115,31,70,42,37,159,137,29,165,152,143,188,139,130,171,114,124,93,71,138,121,132,90,175,156,32,65,57,38,63,15,85,147,68,2,144,24,9,191,23,103,169,3,80,84,179,118,81,189,185,33,64,181,186,178,102,134,100,109,88,135,75,173,8,67,14,53,133,40,91,150,54,153,86,104,22,25,116,177,192,76,36,7,55,146,105,131,142,44,50,78,157,73,27,128,113,56,45,92,167,108,13,83,129,6,176,51,194,172,28,136,10,174,180,163,198,183,89,125,47,35,12,72,99,187,52,170,199,62,145,164,158,126,96,112,30,140,101,155,69,97,119,66,41,10758",RAND,0,50,0,399.1726584
110200.txt ,"66,198,44,152,87,192,185,106,166,69,107,110,172,74,73,48,45,3,75,189,103,151,5,121,14,120,79,21,187,47,199,99,125,28,49,13,197,105,155,159,83,171,145,170,108,76,196,186,12,82,89,130,195,33,70,9,94,180,191,95,90,143,175,2,40,141,174,11,22,194,96,134,24,176,80,132,167,109,154,131,64,97,62,162,86,119,181,163,60,19,71,114,42,85,17,43,20,161,67,115,113,169,15,4,153,6,122,179,147,39,149,127,36,54,160,56,173,98,32,190,30,7,46,57,35,92,138,78,150,140,81,53,55,101,38,144,68,177,27,146,84,25,139,1,164,193,37,59,156,158,18,100,123,58,117,31,112,72,129,126,50,118,26,142,102,128,182,10,183,34,124,165,157,111,23,51,41,52,178,61,29,88,135,77,184,200,116,16,93,63,137,65,8,104,188,136,148,91,133,168,10950",RAND,0,50,1,308.3130344
210200.txt ,"68,93,114,1,25,170,20,84,56,184,122,144,2,153,128,133,106,191,52,72,41,80,58,179,158,173,98,22,143,134,127,125,165,154,99,155,148,21,17,198,37,181,141,33,113,66,71,188,182,74,63,140,97,116,90,65,96,24,27,36,176,81,156,152,83,45,62,9,120,174,168,147,162,95,3,159,32,35,6,117,112,160,50,85,34,88,135,14,161,175,16,92,15,200,76,43,13,102,199,87,29,195,183,192,60,69,53,91,75,107,57,94,42,109,185,178,130,54,4,79,131,30,119,149,40,123,146,197,193,49,73,48,145,150,132,167,126,67,38,10,166,108,86,19,46,180,136,5,104,55,169,103,163,171,138,124,18,61,47,157,164,115,151,12,177,59,105,110,31,78,28,194,101,11,142,139,70,26,89,118,190,7,23,172,39,187,137,129,189,196,82,77,111,51,186,64,121,8,100,44,10555",NEH,0,50,0,515.4670744
101020.txt ,"5,16,6,19,12,13,15,10,17,8,4,14,18,7,2,3,20,9,1,11,1615",RAND,0,50,1,0.285836761
102020.txt ,"7,15,12,6,13,4,8,2,17,11,3,19,10,5,20,18,1,9,16,14,2220",RAND,0,50,0,0.924855236
10520.txt ,"11,7,6,19,16,18,13,1,12,3,10,20,8,2,5,14,15,17,4,9,1114",NEH,0,50,0,0.099190798
11020.txt ,"5,9,12,17,2,3,4,8,20,15,10,13,6,19,11,14,7,18,1,16,1604",RAND,0,50,0,0.184923472
12020.txt ,"16,8,18,15,13,20,9,6,12,7,14,10,17,11,5,1,2,4,3,19,2321",RAND,0,50,1,1.049666641
1520.txt ,"3,15,17,9,6,2,1,11,14,5,18,16,13,7,4,19,10,12,8,20,1297",RAND,1,50,1,0.094345125
21020.txt ,"17,19,9,2,12,13,15,10,11,1,5,20,7,8,4,16,14,3,6,18,1679",NEH,0,50,0,0.175794818
22020.txt ,"18,11,20,10,4,1,12,16,19,13,15,6,17,7,8,14,3,9,5,2,2127",RAND,0,50,1,0.713712844
2520.txt ,"6,7,17,20,14,19,15,1,5,3,16,12,2,9,11,8,18,10,13,4,1366",NEH,0,50,1,0.118295767
31020.txt ,"4,7,9,13,5,1,16,15,10,20,2,12,3,17,11,6,14,18,19,8,1516",RAND,0,50,1,0.606997548
32020.txt ,"19,1,13,5,4,12,17,16,15,10,14,8,3,20,6,9,18,11,2,7,2350",RAND,0,50,1,1.124885665
3520.txt ,"3,16,14,19,18,10,5,1,20,12,9,4,11,13,7,17,6,8,15,2,1098",NEH,0,50,1,0.182771114
41020.txt ,"18,20,3,11,6,10,12,16,15,13,1,7,2,9,14,19,8,4,5,17,1385",RAND,0,50,0,0.198035649
42020.txt ,"11,14,8,18,4,12,6,20,19,9,16,13,1,2,15,7,5,17,3,10,2248",RAND,0,50,1,0.645897569
4520.txt ,"10,6,11,7,20,3,18,1,2,16,13,4,15,12,14,8,17,19,9,5,-32631",RAND,0,50,0,0.135505575
51020.txt ,"16,8,13,3,14,18,12,17,6,15,1,19,2,7,9,11,20,10,4,5,1454",NEH,0,50,1,0.247306232
52020.txt ,"10,9,2,1,3,13,18,20,19,16,17,14,12,4,7,11,15,5,8,6,2320",RAND,0,50,1,0.771808397
5520.txt ,"12,9,4,5,13,16,3,10,17,2,14,15,6,11,18,7,1,19,8,20,1250",RAND,0,50,0,0.084861467
61020.txt ,"19,6,8,18,9,16,17,14,11,3,20,13,4,12,5,7,10,15,2,1,1406",RAND,0,50,1,0.283235818
62020.txt ,"6,13,18,15,17,10,2,5,8,9,11,20,4,1,7,12,19,3,14,16,2244",NEH,0,50,1,0.649463299
6520.txt ,"11,14,13,16,7,17,9,1,19,20,6,12,15,8,4,18,10,5,3,2,1203",NEH,0,50,0,0.304678495
71020.txt ,"4,7,19,6,17,10,1,18,20,3,9,2,13,5,14,8,15,16,11,12,1526",RAND,0,50,0,0.207064081
72020.txt ,"10,17,5,11,6,7,14,19,1,12,2,20,8,18,4,15,3,9,16,13,2303",NEH,0,10,0,0.198274733
7520.txt ,"5,11,15,17,9,14,2,20,1,3,4,18,8,6,19,7,13,12,16,10,1251",NEH,0,50,1,0.167672609
81020.txt ,"8,7,18,2,15,4,9,20,19,11,17,3,14,1,5,10,16,13,6,12,1556",RAND,0,50,0,0.818531772
82020.txt ,"4,2,18,5,16,10,14,7,20,17,11,9,19,13,12,3,15,6,8,1,2212",RAND,0,10,0,0.479619012
8520.txt ,"17,16,9,2,5,6,19,3,12,18,8,15,4,7,14,13,10,1,20,11,1214",NEH,0,50,1,0.18936705
91020.txt ,"14,12,20,11,8,1,19,7,17,4,10,18,13,16,3,15,2,5,6,9,1607",NEH,0,50,1,0.528953591
92020.txt ,"1,17,8,6,2,13,14,20,7,10,12,4,11,18,15,19,3,9,16,5,2253",RAND,0,10,0,0.364986781
9520.txt ,"4,12,10,2,8,17,20,1,16,3,6,18,7,14,9,13,5,15,11,19,1253",RAND,0,50,0,0.167143124
310200.txt ,"83,166,97,125,15,183,54,56,68,1,157,146,151,114,162,88,159,136,124,7,63,122,87,21,51,137,40,47,38,165,133,126,154,172,69,182,95,3,130,193,86,25,98,196,34,66,27,13,105,181,174,194,100,198,29,143,85,45,14,82,187,115,2,26,164,185,19,127,170,119,4,74,149,77,141,46,129,78,190,177,57,48,71,49,75,64,17,171,147,8,150,158,199,188,120,155,61,31,41,128,16,20,139,118,191,132,189,79,197,18,161,111,112,153,39,36,148,152,103,73,72,96,179,6,106,24,50,91,186,123,11,168,138,67,30,192,135,113,92,53,93,107,70,195,145,81,140,184,22,144,99,134,167,59,62,156,200,121,5,90,37,89,117,176,175,12,173,55,163,23,58,35,28,10,169,9,131,116,108,76,44,42,33,104,94,109,65,80,110,178,160,142,101,60,180,102,32,84,43,52,11006",NEH,0,50,0,415.7850534
410200.txt ,"153,160,69,173,43,197,181,73,107,29,138,77,40,37,162,168,60,132,83,172,129,1,36,20,187,194,123,117,82,90,26,164,62,33,124,147,7,14,114,3,50,74,166,182,189,180,68,126,143,130,22,59,195,154,111,121,30,193,156,139,27,151,39,125,144,101,91,84,185,163,28,35,19,108,145,175,24,10,34,115,72,63,21,177,11,102,184,106,165,93,141,44,46,38,18,159,4,150,9,45,100,109,135,42,23,158,120,157,136,167,149,16,85,116,103,89,188,92,169,155,200,174,196,152,2,49,104,94,47,52,67,41,105,140,6,87,137,191,81,66,133,113,15,88,183,127,128,122,76,61,98,48,5,55,53,131,75,118,161,192,148,32,79,12,97,134,179,99,56,171,8,78,57,110,95,25,17,51,190,112,65,198,170,71,186,96,13,178,119,142,54,31,64,80,146,86,58,176,199,70,10953",RAND,0,10,0,67.29860299
510200.txt ,"198,99,123,25,114,163,193,8,178,136,194,61,185,151,188,38,48,121,80,154,43,130,164,47,88,76,79,184,46,112,180,119,129,45,152,65,56,165,196,5,83,160,7,44,93,177,62,2,29,21,12,141,162,16,183,66,34,95,100,109,145,96,143,142,1,127,3,81,55,37,170,171,32,182,128,54,156,132,36,124,98,24,74,33,14,187,157,17,41,53,139,140,20,153,40,18,111,172,84,11,161,27,110,68,113,199,102,73,42,60,158,49,147,144,91,133,134,50,71,138,15,190,125,181,197,103,67,6,57,101,75,28,10,104,176,166,52,9,135,4,87,191,118,85,106,200,31,51,175,78,86,167,173,19,189,150,97,122,116,115,155,137,159,107,22,146,148,192,82,131,72,23,59,89,120,108,39,63,77,168,26,64,13,126,69,94,105,149,92,58,117,195,179,70,186,169,35,90,30,174,10548",NEH,0,10,0,226.6230777
610200.txt ,"93,99,70,34,139,21,29,136,25,130,79,157,145,36,102,135,7,169,197,189,150,52,22,18,64,141,87,5,168,184,115,199,55,186,166,105,101,30,41,107,8,120,75,54,117,4,9,113,119,76,35,190,67,188,200,146,110,171,100,96,97,47,63,156,165,80,24,88,155,69,162,86,3,37,170,191,19,148,112,27,77,152,142,180,140,175,82,95,125,2,131,92,45,172,53,46,48,108,60,192,32,31,42,10,121,66,106,15,12,104,11,56,116,1,167,163,71,137,26,33,144,122,123,58,161,44,57,158,17,179,178,173,187,129,149,176,124,138,194,182,132,114,23,185,14,143,153,78,134,73,39,49,159,91,83,20,13,72,6,177,154,183,61,164,111,128,28,127,16,193,98,174,160,81,126,90,181,50,38,62,196,51,118,195,59,84,151,198,109,74,85,68,43,133,40,65,103,94,89,147,10372",NEH,0,50,1,304.2852572
710200.txt ,"15,18,198,117,119,60,74,197,50,173,140,86,137,123,170,79,48,3,186,20,166,27,107,130,167,62,24,71,132,155,176,40,100,17,36,106,32,58,10,158,169,105,179,178,165,133,154,187,98,31,116,188,182,111,38,172,59,103,124,153,19,96,7,26,69,125,192,129,141,21,33,9,146,94,91,72,183,49,51,128,152,56,120,147,180,149,22,196,61,45,194,200,4,143,85,89,189,30,118,53,90,66,6,109,81,73,151,75,54,67,114,95,121,190,122,177,23,13,131,42,144,99,28,70,102,83,88,160,135,159,127,46,191,112,148,76,195,136,113,55,78,145,11,142,161,185,12,41,150,138,171,84,156,64,126,174,108,93,65,77,163,1,101,139,2,52,34,25,8,82,110,87,104,162,44,37,164,63,193,43,68,157,35,115,134,14,29,47,175,92,57,181,184,39,16,168,97,199,80,5,10943",NEH,0,50,1,349.2283051
810200.txt ,"58,29,65,137,170,131,33,153,72,121,190,179,7,177,89,61,60,174,10,21,125,2,114,95,36,165,51,136,115,130,24,16,100,46,43,138,59,128,187,78,186,63,195,66,47,176,71,23,79,110,140,155,144,172,20,91,123,158,93,13,19,161,178,197,6,106,64,157,103,163,142,32,164,25,55,185,53,117,70,173,146,77,116,9,41,3,87,74,189,160,27,112,127,15,31,107,42,85,35,45,141,73,76,81,40,151,109,167,86,67,126,92,198,154,48,111,181,28,134,143,150,194,147,57,12,62,166,50,83,129,4,17,196,101,139,192,180,184,68,148,54,22,99,105,171,162,96,82,149,135,132,159,49,199,88,80,175,188,152,37,30,113,39,169,18,14,104,183,168,200,5,118,90,52,120,56,102,145,26,38,34,97,182,122,94,193,133,98,124,8,84,44,119,11,75,69,156,191,1,108,10798",RAND,0,50,1,507.7231259
910200.txt ,"97,199,20,80,124,34,37,183,143,149,168,19,117,141,11,86,26,75,36,62,50,173,12,123,178,103,41,152,47,1,38,17,52,180,175,136,171,184,119,108,24,189,127,137,10,90,43,6,112,25,104,51,111,164,91,165,46,48,134,102,33,58,16,92,88,59,5,100,153,45,179,147,23,138,76,192,83,13,98,30,129,131,160,65,55,84,22,21,69,196,101,148,14,29,78,142,114,130,44,66,181,200,110,85,68,135,77,18,122,170,146,113,195,95,60,82,161,74,172,174,139,99,193,72,120,32,158,28,81,63,3,8,140,107,125,70,71,133,31,61,94,194,115,93,57,27,15,35,7,186,154,87,67,198,109,176,39,162,190,159,89,166,53,73,163,116,169,105,187,4,188,177,182,49,150,167,64,132,185,191,56,145,42,126,9,2,106,197,118,54,121,157,156,151,79,128,144,96,40,155,10470",RAND,0,50,0,699.679353
1010100.txt ,"63,66,78,71,17,37,97,8,9,2,49,30,95,92,46,76,39,28,88,75,94,52,85,83,36,98,35,57,20,7,42,60,13,44,87,82,56,5,93,6,89,70,65,72,99,59,22,14,96,19,43,54,33,1,53,23,45,18,47,15,91,58,34,100,31,40,50,24,4,12,3,41,84,25,80,69,90,11,68,77,62,27,67,38,86,51,64,81,10,79,21,55,32,74,16,26,61,73,48,29,5903",NEH,0,50,1,28.05627707
1020100.txt ,"63,78,71,66,97,92,88,30,46,96,35,75,57,11,89,19,22,94,28,15,84,45,53,54,12,48,6,80,18,44,50,20,93,95,47,76,4,2,33,79,42,83,73,23,52,74,68,64,1,13,17,61,67,7,49,32,16,9,87,37,14,59,60,86,69,81,99,5,39,70,40,31,24,65,25,34,21,51,72,100,56,77,58,91,85,26,62,36,41,38,98,82,27,90,8,43,29,3,55,10,5903",RAND,0,50,0,49.93413362
105100.txt ,"94,56,29,93,50,63,69,11,19,30,18,20,41,59,14,86,24,82,44,83,95,70,87,36,4,55,40,34,88,31,3,99,5,42,6,1,12,79,91,96,43,39,22,48,45,97,80,66,92,17,37,89,57,74,58,21,33,53,77,49,62,64,9,51,26,61,71,76,52,78,68,65,73,13,32,75,23,85,84,100,72,16,54,90,81,15,98,10,27,60,28,67,2,25,38,8,47,46,7,35,5342",NEH,0,50,1,8.972943079
110100.txt ,"70,21,15,44,24,31,64,60,89,5,38,20,35,34,58,88,77,57,9,61,68,11,33,28,42,87,6,1,50,81,14,97,96,84,73,85,80,83,22,92,62,13,37,41,95,2,53,8,93,82,40,52,48,67,69,39,76,91,74,63,7,49,78,98,43,25,100,19,66,94,56,36,17,79,72,3,90,86,65,71,16,46,29,75,4,18,32,27,55,51,23,10,99,26,47,30,54,45,59,12,5784",RAND,0,50,1,48.24511282
120100.txt ,"70,21,58,15,17,31,47,5,38,7,20,60,39,24,61,49,6,28,98,4,72,95,87,44,57,22,84,35,50,45,1,81,19,85,27,10,97,46,68,73,55,76,8,56,93,51,33,90,94,65,43,88,37,86,16,52,3,83,14,64,66,36,29,91,80,71,89,96,74,11,67,2,100,42,62,69,9,32,13,59,92,23,77,48,34,63,82,18,75,41,78,30,79,25,53,54,99,40,26,12,5800",RAND,0,50,0,66.33206868
15100.txt ,"74,40,27,4,9,70,90,99,21,31,33,28,18,100,29,94,91,26,3,78,58,71,62,13,25,50,42,19,49,10,12,34,85,32,20,56,43,2,45,98,5,68,41,76,55,11,77,15,53,79,88,48,80,44,8,97,81,64,35,39,67,17,24,22,72,59,36,86,51,61,83,92,57,73,95,7,93,37,52,63,47,14,75,16,66,6,60,38,89,54,87,96,69,65,23,46,30,82,1,84,5493",RAND,0,50,0,17.09513845
210100.txt ,"24,69,46,54,98,22,60,12,87,29,59,65,68,14,95,80,49,4,35,70,55,82,45,18,91,15,77,40,21,25,72,74,1,6,50,58,34,8,52,78,16,27,19,36,97,85,11,66,96,31,42,41,84,61,79,92,32,53,93,62,2,17,20,57,67,64,10,37,3,100,89,23,88,83,5,48,43,94,9,75,71,33,56,30,81,73,26,86,28,63,39,7,90,76,13,44,51,38,47,99,5391",NEH,0,50,1,60.65323793
220100.txt ,"24,98,22,46,95,12,82,49,5,6,55,91,26,75,77,59,3,1,31,61,16,72,66,27,32,43,80,69,54,20,35,14,8,29,19,25,23,45,79,89,18,85,11,36,4,76,88,33,41,63,78,53,87,67,81,83,38,13,52,34,93,58,71,50,86,84,97,73,65,42,74,70,100,94,10,57,37,40,17,90,48,96,9,21,68,64,30,60,56,15,44,62,51,47,2,92,7,99,28,39,5400",RAND,0,10,1,52.64387683
25100.txt ,"86,54,7,12,66,11,35,63,33,29,80,8,22,3,84,40,90,76,32,98,82,88,51,13,92,43,69,37,67,48,6,60,96,57,1,28,27,49,17,24,75,31,83,85,25,87,78,50,26,72,21,18,39,93,52,79,34,19,42,95,4,23,89,45,81,61,70,77,74,68,2,36,38,15,59,71,55,64,65,20,91,46,10,30,100,44,62,97,56,14,9,94,99,58,5,16,41,47,73,53,5280",NEH,0,50,1,13.2303989
310100.txt ,"45,58,39,4,96,84,22,89,47,66,30,56,2,49,52,11,68,20,5,40,100,31,33,10,3,35,85,50,43,23,92,51,21,80,27,75,54,94,42,76,77,26,32,38,48,83,53,60,63,1,72,64,9,79,93,19,67,74,97,25,61,87,59,44,71,70,86,91,37,13,88,29,57,46,69,95,62,73,8,82,78,34,36,99,98,7,15,24,28,41,65,12,81,17,14,16,90,18,6,55,5691",NEH,0,50,1,40.23215943
320100.txt ,"45,58,64,84,94,96,49,22,62,65,34,30,32,53,80,88,76,77,93,69,31,35,19,36,33,13,38,72,66,28,25,23,78,40,27,3,54,14,98,50,85,47,70,87,5,67,44,11,59,15,52,51,39,24,56,79,2,63,100,42,37,71,46,9,74,97,48,29,73,41,89,92,8,68,7,43,99,20,82,1,86,60,83,90,95,61,10,4,12,21,26,17,75,16,91,6,55,18,81,57,5729",RAND,0,50,0,111.7170606
35100.txt ,"68,25,97,78,41,6,99,75,33,35,54,30,40,47,95,82,31,69,66,44,86,55,9,94,80,77,93,51,46,92,58,90,91,59,87,64,12,22,96,1,15,76,21,18,52,2,57,11,16,73,7,53,70,3,81,62,50,36,98,72,63,32,49,84,10,67,60,23,71,14,34,85,74,79,26,4,83,45,8,61,43,100,19,24,5,89,56,88,42,65,29,38,17,13,37,20,27,48,28,39,5193",RAND,0,50,0,15.27843301
410100.txt ,"5,24,93,53,56,47,81,84,52,42,40,100,2,49,7,78,74,58,75,21,14,76,89,35,67,92,11,57,62,18,22,59,38,73,20,30,28,9,48,71,46,32,31,86,17,13,77,83,4,98,72,80,60,43,90,19,99,25,66,91,6,94,54,16,29,87,33,23,34,70,26,10,39,61,45,27,44,8,36,96,3,55,88,12,63,97,51,37,69,15,64,82,1,68,65,50,79,41,95,85,5849",NEH,0,50,0,68.51779212
420100.txt ,"5,53,56,78,92,47,17,19,89,40,59,24,32,43,2,98,87,7,76,74,30,99,94,54,96,31,42,61,14,93,35,4,81,66,100,22,49,20,11,33,34,48,55,60,52,16,6,90,58,77,80,83,21,63,82,91,45,86,75,28,39,15,73,29,25,3,12,57,9,41,62,46,71,84,1,65,67,26,68,97,70,18,88,72,36,44,10,23,27,37,51,64,85,69,8,50,79,38,13,95,5879",RAND,0,50,1,76.89574859
45100.txt ,"20,25,82,71,4,97,18,100,2,19,58,45,62,32,57,41,33,40,22,55,36,12,90,86,23,26,92,28,29,80,48,67,1,93,46,31,74,7,77,75,98,27,91,79,52,96,21,42,53,8,5,70,10,30,39,63,99,34,44,95,49,94,16,59,9,37,43,66,6,47,72,64,51,11,76,85,50,3,69,78,65,81,83,68,13,87,35,24,73,15,89,88,61,84,60,14,54,17,56,38,5023",RAND,0,10,1,2.131065016
510100.txt ,"79,83,33,65,56,97,75,90,77,1,61,42,4,30,45,47,88,84,63,34,96,5,23,7,27,10,48,37,18,36,89,20,74,99,71,70,72,73,8,53,92,28,44,76,80,35,16,95,41,39,54,81,94,58,85,15,55,22,2,100,17,25,24,40,60,82,67,6,21,98,50,9,57,32,13,49,66,64,14,19,93,68,38,86,31,62,46,12,78,51,91,26,43,29,87,3,69,52,59,11,5519",NEH,0,50,1,38.16466655
520100.txt ,"79,56,36,9,83,44,77,1,23,48,34,74,75,30,17,39,70,88,94,72,22,24,2,58,29,10,100,85,84,7,89,57,38,63,90,20,27,50,61,97,68,18,13,16,47,96,95,65,55,40,14,41,62,66,37,76,45,5,81,26,31,46,49,12,54,92,15,53,78,69,35,33,32,64,52,4,8,80,11,25,59,28,42,19,21,73,71,86,60,3,43,93,51,6,99,87,91,98,67,82,5594",RAND,0,10,0,14.27037601
55100.txt ,"72,51,21,93,12,99,86,41,38,47,88,29,67,7,100,54,48,30,44,16,34,17,20,56,40,94,57,65,82,61,76,11,59,71,92,1,95,45,81,66,22,33,52,83,35,46,69,36,55,42,49,23,9,84,58,96,15,80,90,10,85,32,62,43,63,77,19,89,60,64,98,24,78,87,14,6,27,37,5,4,39,8,68,3,31,75,13,70,25,53,74,26,91,73,2,50,28,18,97,79,5250",NEH,0,50,1,17.95319633
610100.txt ,"78,47,46,80,69,90,52,20,60,68,5,62,76,70,29,2,94,8,57,97,22,6,81,18,100,15,96,85,53,67,64,35,30,4,88,55,1,21,73,77,95,66,39,71,91,58,17,31,43,56,54,11,23,74,50,41,27,19,92,82,86,14,98,48,3,51,83,10,87,12,93,37,99,72,16,49,25,79,45,38,84,7,89,59,24,28,34,61,42,63,9,32,13,75,36,33,40,26,65,44,5309",RAND,0,10,0,19.35775812
620100.txt ,"78,53,9,24,46,47,6,41,52,68,84,38,64,55,97,80,35,4,91,96,60,29,74,14,72,98,5,88,73,49,51,28,22,99,85,30,37,67,69,90,39,43,70,1,56,66,54,2,21,58,86,57,62,89,20,11,15,7,31,94,83,76,33,81,10,42,92,48,95,100,32,71,87,8,93,17,59,34,25,23,79,3,12,50,27,45,19,77,82,63,40,16,36,26,61,13,18,75,65,44,5317",RAND,0,50,0,77.22312013
65100.txt ,"54,49,73,97,20,80,83,47,8,6,3,7,85,21,17,100,53,44,55,91,69,4,92,70,28,64,18,78,22,34,66,98,81,59,19,11,82,37,33,65,41,96,95,9,75,48,45,89,39,1,99,5,86,50,32,72,38,62,56,30,25,63,67,88,77,16,13,27,42,23,57,15,2,58,79,29,43,61,24,12,87,46,76,35,93,71,14,52,36,94,40,74,60,84,31,68,10,26,90,51,5139",RAND,1,50,1,18.5501916
710100.txt ,"99,79,14,40,55,50,62,49,6,56,92,64,13,100,44,95,61,30,11,43,2,20,83,46,4,57,1,97,34,77,10,25,89,78,45,70,88,90,21,42,8,32,23,18,28,98,26,16,52,58,80,71,37,93,33,27,51,36,60,66,47,22,68,86,15,75,91,94,96,87,74,3,72,69,41,39,82,73,48,17,84,31,63,19,24,7,67,29,59,5,38,81,35,65,9,54,85,12,76,53,5640",RAND,0,50,0,136.6078983
720100.txt ,"99,83,97,70,66,92,93,26,4,62,87,18,98,32,58,50,14,40,11,1,55,68,42,44,69,56,20,95,77,43,36,28,64,89,21,10,24,30,31,86,45,17,71,48,34,59,52,37,13,79,82,15,39,88,35,41,47,19,27,2,78,84,91,80,51,7,25,3,90,67,23,16,63,74,33,96,61,72,8,60,53,5,75,57,46,73,9,6,49,85,100,94,81,22,65,54,29,38,76,12,5631",RAND,0,50,0,162.6656093
75100.txt ,"45,19,35,77,83,41,8,86,58,12,52,51,17,48,10,34,57,91,62,85,54,74,55,9,25,60,11,75,46,82,87,33,56,23,49,92,36,68,47,80,94,99,37,32,64,73,21,7,98,20,63,76,42,1,69,95,96,13,6,100,89,50,26,38,97,79,84,24,43,16,27,81,30,78,72,66,59,88,18,31,40,44,3,2,65,4,29,90,39,93,61,70,15,67,53,14,71,22,5,28,5246",NEH,0,50,0,12.50022127
810100.txt ,"73,56,50,12,90,13,98,38,92,23,43,22,32,63,21,37,75,85,55,18,5,9,78,82,97,45,39,35,40,100,48,67,69,81,99,1,58,3,83,71,30,62,29,27,93,60,26,33,52,87,76,8,68,6,31,84,59,15,47,46,34,57,28,41,70,19,89,94,74,79,80,11,7,16,14,86,95,36,77,17,65,4,42,2,88,64,51,49,54,91,72,44,25,10,20,24,61,53,96,66,5689",NEH,0,50,1,30.63034807
820100.txt ,"67,14,50,62,54,13,78,77,26,80,38,18,42,70,23,16,69,34,41,98,19,56,86,3,74,92,6,22,36,83,75,12,90,60,32,30,39,49,8,58,73,71,4,97,1,100,21,57,44,96,82,31,47,87,88,52,9,25,72,35,89,63,40,28,99,15,84,91,93,20,68,11,76,95,81,2,45,37,48,55,43,94,85,64,51,27,65,53,5,29,24,46,79,61,33,17,7,10,66,59,5693",RAND,0,50,0,115.4078945
85100.txt ,"29,74,80,54,91,39,26,12,52,17,57,51,56,94,2,5,35,71,96,7,88,93,73,11,4,100,32,23,60,62,24,87,59,36,47,61,58,50,3,92,20,76,37,27,43,95,55,81,31,19,72,45,16,89,48,77,8,70,22,86,1,65,49,18,46,44,69,83,21,10,63,67,84,25,99,28,30,64,85,14,38,41,79,68,66,34,13,97,40,33,90,6,53,98,78,42,75,9,15,82,5122",NEH,0,50,0,26.77954904
910100.txt ,"23,54,5,15,61,12,1,24,42,45,28,86,30,40,2,57,41,93,47,52,77,31,48,94,98,37,84,87,66,32,49,17,75,78,38,59,8,14,22,39,83,50,36,25,3,55,29,68,58,4,43,18,35,51,44,26,92,64,19,81,100,88,20,60,10,21,91,63,34,62,79,46,69,7,97,85,82,16,89,67,13,9,71,27,80,95,90,72,73,96,56,70,74,11,6,33,76,65,53,99,5946",RAND,0,50,0,43.29727173
920100.txt ,"23,46,54,15,31,12,78,80,84,2,61,75,44,18,100,6,82,50,22,40,39,41,63,35,95,72,94,26,43,51,27,77,8,1,16,20,56,58,86,30,38,57,64,10,81,25,14,88,89,28,76,47,65,79,69,70,5,24,59,29,37,42,85,13,49,93,67,71,11,74,32,55,73,66,36,45,97,92,4,68,87,62,91,90,34,17,98,48,7,3,33,83,96,21,9,60,52,19,53,99,5946",RAND,0,50,1,94.24535009
95100.txt ,"70,4,40,19,57,32,59,96,73,51,42,67,16,34,37,80,99,14,39,18,33,41,20,75,87,91,31,84,25,26,21,86,89,11,74,72,2,53,71,50,1,54,79,46,23,81,36,56,65,69,30,28,45,47,52,5,9,66,77,17,15,85,94,88,97,43,27,100,60,58,22,83,29,44,48,6,68,95,76,49,61,90,12,10,62,98,63,55,7,82,8,92,93,64,13,3,35,78,24,38,5465",RAND,1,50,0,25.75335668
120200.txt ,"150,79,57,182,83,33,138,101,151,2,121,126,198,120,130,59,163,39,187,168,24,70,76,22,13,122,147,111,129,178,52,105,77,158,36,85,127,37,67,87,46,86,116,89,144,30,133,154,48,51,31,34,146,12,93,35,172,194,25,8,58,155,103,188,184,199,66,135,102,23,108,107,142,94,152,28,170,113,104,192,148,179,43,123,19,160,72,73,11,21,80,6,191,118,95,164,189,47,132,54,90,96,56,17,69,44,153,125,157,40,61,143,81,186,140,18,63,98,106,75,71,173,9,3,5,159,88,180,7,136,99,55,112,110,84,149,45,185,16,53,32,141,175,171,26,134,156,161,145,50,137,183,139,128,78,200,131,20,174,119,169,115,181,117,41,166,14,97,64,49,91,10,4,124,68,176,196,42,60,177,167,162,29,165,15,109,190,1,193,100,92,38,65,27,114,82,197,62,195,74,11529",RAND,0,5,1,131.2689216
220200.txt ,"132,136,176,52,92,155,182,35,169,163,142,50,55,18,54,66,144,186,47,124,171,31,146,74,56,20,16,156,187,19,184,174,141,178,88,138,85,64,120,45,150,188,73,70,25,162,4,96,98,13,192,126,118,193,181,42,114,197,170,95,71,29,8,78,100,2,122,119,77,59,107,65,104,34,185,43,60,38,41,108,27,190,26,23,103,24,67,6,81,168,123,46,179,145,89,164,166,151,30,125,134,37,11,58,15,195,194,62,154,110,5,172,94,86,69,32,117,196,149,91,167,39,183,90,51,189,175,157,131,135,12,116,158,72,14,49,177,93,28,165,57,99,159,106,101,191,111,36,22,17,9,84,173,143,97,109,113,61,102,10,75,161,139,68,3,63,148,48,121,153,79,200,127,199,180,129,87,112,198,83,152,44,140,147,40,128,1,137,160,82,21,105,115,76,130,80,33,53,133,7,11643",NEH,0,5,0,237.2291739
10550.txt ,"6,2,24,10,34,1,46,39,48,8,5,49,11,27,15,3,17,16,44,33,40,19,42,38,37,21,18,31,43,47,35,45,30,41,28,14,20,29,4,7,36,50,23,22,9,13,12,25,26,32,2782",RAND,0,50,1,2.040312186
1550.txt ,"31,41,5,26,22,18,48,4,29,30,10,14,11,25,34,13,40,1,2,15,47,32,39,50,45,33,6,20,43,17,21,44,27,28,35,9,38,8,24,49,23,42,46,16,12,3,7,37,19,36,2724",NEH,0,50,1,2.26201532
2550.txt ,"50,42,10,33,8,44,14,45,26,46,37,25,35,15,1,24,41,18,47,21,2,7,39,22,6,9,30,19,5,29,27,3,12,36,40,4,48,32,34,20,13,17,38,43,49,28,16,11,23,31,2848",NEH,0,50,1,2.359098437
3550.txt ,"27,4,16,45,1,49,3,13,47,19,24,10,40,18,17,26,30,20,43,35,48,5,34,41,33,9,29,2,22,7,50,25,36,38,23,32,28,6,15,11,46,8,37,42,31,44,39,21,14,12,2624",NEH,0,50,0,1.498938914
4550.txt ,"42,30,50,24,3,7,13,27,41,17,11,35,12,22,47,20,45,18,36,48,8,2,37,9,14,21,40,38,19,5,10,23,6,29,46,49,26,15,28,25,32,4,43,33,16,31,1,44,39,34,2760",NEH,0,50,0,1.62956561
5550.txt ,"46,48,28,21,43,2,7,38,37,8,33,12,26,23,10,6,17,1,4,9,14,30,32,29,45,22,40,13,18,34,44,27,19,36,35,39,47,11,16,31,20,50,24,3,5,15,41,25,49,42,2864",RAND,0,50,1,1.782555094
6550.txt ,"47,28,5,35,30,40,2,19,33,8,11,41,18,49,21,46,1,36,20,6,44,15,13,9,23,38,34,32,7,4,10,29,39,25,37,50,31,45,3,24,17,42,27,22,48,16,43,26,14,12,2832",NEH,0,50,1,3.36951609
7550.txt ,"43,37,38,40,24,30,19,21,29,32,11,22,7,15,13,35,33,27,5,18,46,20,6,48,49,9,10,31,36,25,39,42,17,3,8,34,47,12,44,45,14,26,50,2,1,4,23,16,41,28,2732",NEH,0,50,1,1.66851212
8550.txt ,"47,25,8,10,31,27,34,14,28,16,33,17,9,48,19,6,44,49,37,2,43,50,5,32,23,26,12,3,11,36,1,24,15,29,46,45,30,21,4,20,35,39,41,18,42,22,7,13,38,40,2700",RAND,0,50,0,2.242341017
9550.txt ,"13,1,40,44,15,16,34,10,24,3,41,9,36,12,48,30,21,8,47,5,11,38,17,49,18,26,23,2,43,22,20,35,33,4,25,29,32,28,27,46,19,7,42,37,45,39,6,31,50,14,2559",RAND,0,50,1,2.206124047
101050.txt ,"49,34,6,38,27,44,47,46,41,20,8,1,11,39,17,22,18,25,10,26,7,40,16,35,31,9,30,15,36,5,32,23,29,4,50,28,48,43,13,24,3,21,12,42,33,45,14,19,37,2,3135",NEH,0,50,1,7.214752798
11050.txt ,"18,22,42,3,44,7,49,33,4,6,25,36,31,43,20,12,32,28,2,16,30,29,23,38,46,34,47,17,13,5,37,15,9,14,35,45,26,11,40,21,41,27,50,1,8,10,48,19,24,39,3057",NEH,0,50,1,6.111566404
21050.txt ,"35,49,34,23,14,33,28,12,6,47,42,27,21,26,38,43,37,20,46,8,11,7,10,19,4,18,1,25,3,29,16,50,31,32,39,44,9,41,17,5,36,22,45,40,15,13,30,2,24,48,2934",RAND,0,50,1,6.137231688
31050.txt ,"10,28,25,49,4,41,24,3,47,16,32,38,33,44,45,9,20,42,43,19,2,7,50,35,11,34,31,27,40,29,13,5,26,23,18,14,1,17,46,22,37,12,15,48,6,30,36,21,39,8,2926",RAND,0,50,0,4.766556403
41050.txt ,"20,5,10,28,19,2,39,11,23,31,22,26,18,48,17,3,13,34,14,21,49,1,12,45,46,37,41,36,47,29,8,9,25,35,6,40,44,38,4,43,15,32,27,16,30,24,50,33,42,7,3093",RAND,0,50,0,10.01362597
51050.txt ,"6,11,35,33,42,25,1,49,8,10,2,46,14,40,16,5,41,48,24,9,15,36,38,27,21,3,4,20,37,39,50,45,13,17,23,44,47,31,26,19,34,43,28,29,30,7,18,12,22,32,3054",RAND,0,50,0,7.029096378
61050.txt ,"11,28,9,42,3,24,40,44,36,29,16,39,1,25,38,35,21,46,50,10,23,14,5,22,26,48,49,30,27,37,2,32,15,6,8,43,45,18,47,41,4,13,20,17,31,34,7,19,33,12,3068",NEH,0,50,1,9.441691627
71050.txt ,"9,20,13,37,26,1,17,2,28,6,19,10,16,12,46,24,32,30,47,27,43,44,49,35,42,5,48,29,15,50,14,11,45,21,39,3,4,8,22,31,25,33,41,40,7,38,36,34,18,23,3156",NEH,0,50,0,5.781057801
81050.txt ,"6,26,29,9,11,47,19,15,18,35,42,12,1,14,17,44,25,50,2,46,45,24,27,10,37,8,22,33,4,49,43,34,16,32,5,38,41,48,31,13,3,21,36,20,23,30,7,28,40,39,3070",NEH,0,50,1,7.036770606
91050.txt ,"44,23,47,33,46,16,21,22,48,27,31,12,2,42,41,5,35,3,11,37,45,4,13,50,18,25,30,17,20,39,1,6,14,43,36,24,34,9,40,8,38,26,28,32,10,15,19,49,7,29,2953",NEH,0,50,0,6.498036313
120500.txt ,"288,2,145,242,88,392,193,325,485,17,14,379,289,128,295,1,382,62,280,341,119,350,261,144,499,315,22,369,100,53,68,69,160,179,54,480,217,34,49,460,296,172,12,81,436,43,446,323,213,283,447,408,358,86,285,456,151,303,321,124,423,314,181,442,268,196,10,484,248,441,114,452,55,190,271,147,395,111,20,47,233,311,171,76,180,227,263,99,153,224,82,142,123,458,298,393,291,344,286,438,407,60,410,491,336,91,38,297,259,188,413,366,279,110,235,192,257,195,277,67,388,90,59,399,201,431,92,477,327,451,401,214,169,16,79,28,143,345,254,486,245,432,317,250,305,206,368,385,409,318,244,116,45,148,41,360,335,166,182,417,373,139,31,331,154,328,215,48,241,8,424,184,163,466,363,333,210,146,421,454,191,239,7,496,329,46,481,85,396,209,222,87,5,419,18,384,74,465,121,418,354,6,332,157,374,197,95,173,402,130,308,394,346,42,492,236,61,198,411,216,319,203,183,194,94,243,186,455,340,487,361,459,167,23,473,78,299,440,320,269,316,212,433,106,37,326,276,246,230,237,434,25,225,371,479,347,97,200,381,127,84,294,176,141,149,383,36,500,231,266,135,453,264,365,301,313,426,117,136,83,29,475,307,267,13,272,120,339,356,51,497,220,113,15,56,122,75,131,468,290,24,164,247,161,474,30,386,162,490,449,437,489,416,174,300,292,403,258,322,312,189,260,105,26,457,422,218,251,352,282,375,293,275,187,404,52,129,70,398,50,256,342,96,133,464,211,445,9,274,482,39,448,219,252,168,63,476,228,372,118,284,488,208,414,27,461,493,310,495,355,137,103,132,412,158,380,249,378,278,165,462,377,108,58,104,66,362,359,443,57,273,406,428,367,98,21,494,405,234,138,232,175,270,73,185,11,199,439,93,226,391,343,349,390,415,221,155,77,32,429,65,478,400,4,302,435,425,253,44,19,470,304,101,444,80,338,420,125,337,287,467,238,115,471,205,376,357,334,40,159,324,389,35,472,152,387,498,353,351,150,109,469,112,240,107,140,397,229,207,430,450,306,255,281,156,177,72,265,126,134,370,309,33,427,71,178,64,102,483,89,463,348,202,262,330,170,204,364,3,223,26620",RAND,0,1,0,857.9856894
220500.txt ,"8,468,146,90,297,69,150,282,106,62,365,251,74,324,213,203,172,143,57,254,189,353,50,290,149,112,441,495,134,219,444,423,299,54,342,257,105,471,196,455,185,244,85,344,347,338,279,278,366,173,490,91,171,76,424,350,94,72,131,356,222,137,419,3,202,20,236,417,125,152,302,151,256,103,403,120,363,29,243,95,394,42,234,271,55,157,136,81,211,325,300,206,449,479,399,53,186,493,132,407,386,428,158,415,268,487,294,241,289,284,47,380,288,349,142,200,45,303,238,273,345,321,218,249,123,357,225,483,176,355,376,14,285,258,263,17,245,369,422,333,335,445,226,264,250,178,448,37,118,283,293,469,168,28,397,111,130,462,128,295,360,139,274,327,31,367,379,98,51,228,34,404,314,286,5,104,227,451,459,195,174,328,220,61,115,180,476,97,101,396,153,114,499,315,160,10,378,308,165,361,135,159,384,93,117,144,466,320,113,306,177,262,96,181,421,191,494,377,463,385,52,277,433,110,4,436,124,266,408,92,292,329,15,442,453,204,486,438,232,472,488,60,214,67,138,145,133,323,395,489,311,217,224,478,473,272,435,470,39,425,248,192,70,389,215,210,126,267,291,326,465,66,318,498,301,460,340,30,427,49,409,25,439,89,6,412,456,84,198,492,201,457,368,40,58,383,418,477,194,484,88,265,341,141,452,351,432,400,162,317,127,187,59,80,370,246,65,392,371,500,312,431,102,21,437,310,207,346,270,235,7,362,398,413,252,336,382,163,405,119,481,406,239,313,48,208,209,358,491,426,364,319,352,166,496,307,71,156,18,411,467,161,22,109,322,373,140,99,482,179,86,393,23,374,375,231,12,182,269,247,32,372,230,79,337,223,41,474,330,464,259,497,78,331,19,305,260,122,199,304,167,43,170,169,164,155,446,73,281,190,197,221,83,1,64,121,193,332,68,255,229,410,440,354,414,107,35,485,429,430,387,309,148,188,276,298,454,401,13,87,334,280,443,212,343,184,11,296,183,450,242,2,27,287,339,402,108,16,420,233,175,447,391,116,82,359,75,44,216,56,24,253,480,129,475,434,461,26,388,36,38,77,9,154,261,275,100,390,240,237,63,46,458,381,33,205,316,147,348,416,27162",RAND,0,1,0,639.7867324
320200.txt ,"161,49,113,192,119,44,66,189,73,186,151,36,169,94,86,180,155,63,79,156,198,188,43,170,150,178,107,19,121,190,93,24,40,28,195,47,146,7,175,45,185,187,143,23,137,174,20,75,31,59,158,50,78,70,64,183,105,124,72,10,34,110,139,127,3,108,71,57,130,196,111,37,60,92,128,30,176,126,95,153,197,52,114,164,118,104,13,159,179,14,133,117,182,11,85,135,149,38,39,181,171,21,91,81,76,100,1,165,82,26,5,62,8,46,17,160,18,115,125,61,29,166,15,154,177,102,55,98,173,84,69,112,193,172,109,89,191,138,58,136,74,123,122,199,67,106,132,56,42,140,184,27,141,25,129,51,77,162,116,101,65,4,144,32,134,96,48,157,145,83,152,68,200,41,97,53,80,103,12,33,2,163,99,148,88,16,194,120,22,147,87,167,168,54,6,90,131,9,142,35,11629",RAND,0,5,1,291.7847951
420200.txt ,"47,78,36,16,105,143,66,92,44,45,185,33,43,174,111,129,27,141,20,21,8,106,55,84,53,13,138,56,41,131,162,114,64,123,96,190,40,3,24,115,103,70,182,145,107,85,196,18,112,153,4,74,166,1,86,155,26,91,62,144,54,7,108,95,172,146,22,11,191,49,158,156,87,175,28,184,178,67,82,164,71,89,199,117,12,5,200,116,19,177,187,140,37,9,193,6,181,137,120,183,88,38,198,186,77,194,135,2,124,17,110,104,93,150,179,197,14,170,72,195,69,188,35,23,171,136,154,149,102,125,161,118,80,25,151,57,98,46,180,147,32,132,189,101,119,42,152,75,128,122,63,97,30,76,121,163,52,83,139,142,81,165,160,59,192,133,34,60,126,51,10,68,50,127,73,15,134,48,109,100,58,130,173,31,94,167,159,169,79,90,113,39,29,148,157,99,61,65,176,168,11568",NEH,0,5,1,285.0744522
920200.txt ,"113,153,191,103,51,9,161,169,70,23,166,132,74,31,149,88,176,45,190,186,79,21,62,97,192,108,112,109,118,76,137,123,40,41,91,177,170,14,183,160,17,131,158,4,104,172,38,26,80,35,39,15,55,75,144,163,42,10,157,50,136,67,3,19,28,2,95,141,72,25,100,61,162,57,194,181,154,116,101,30,187,184,171,77,47,93,6,68,59,32,178,1,193,129,44,133,90,96,125,165,140,128,121,126,168,159,78,106,110,89,197,33,53,198,143,179,150,195,86,146,156,189,142,81,56,18,13,105,182,5,175,139,11,196,147,83,12,60,16,130,65,199,200,29,73,27,167,46,155,138,8,92,34,54,82,174,107,117,114,124,119,98,135,188,66,52,94,185,164,127,115,152,63,37,69,111,49,134,48,173,122,145,71,87,102,151,43,36,22,64,180,20,7,148,99,85,58,84,120,24,11557",NEH,0,5,1,250.1737687
920500.txt ,"224,297,343,278,355,255,313,463,261,284,310,18,432,271,228,389,329,41,380,31,500,475,157,387,220,36,246,299,339,61,104,274,128,221,401,189,88,353,441,354,323,263,56,260,358,448,421,251,248,192,153,407,134,95,132,484,63,378,214,410,295,40,411,413,200,185,101,367,142,45,149,314,281,129,495,428,232,350,135,439,282,188,276,308,254,127,359,450,455,118,86,417,440,11,99,365,208,362,334,227,191,386,74,182,465,194,287,279,303,384,249,230,96,13,33,283,67,85,46,32,39,177,73,298,216,273,272,344,243,97,438,369,458,305,37,196,481,317,345,498,311,102,434,217,236,20,51,449,371,285,318,399,326,28,238,57,395,490,172,487,383,9,166,222,108,400,71,360,468,332,173,349,58,256,257,55,119,270,373,34,38,291,133,66,239,322,162,169,53,444,76,293,265,333,6,409,59,112,130,138,147,69,199,464,4,114,288,319,75,472,341,178,5,23,207,137,122,92,461,471,316,477,312,190,442,352,159,49,415,240,107,414,35,456,304,54,215,280,174,307,363,65,84,398,64,460,499,258,488,24,140,443,156,420,25,52,212,21,42,277,337,412,237,186,446,15,436,100,324,110,351,330,374,8,126,203,259,306,340,393,452,375,17,234,44,70,426,105,29,404,377,433,218,445,315,121,144,275,175,244,370,250,466,331,145,233,146,364,403,474,12,483,183,93,242,198,50,376,83,462,422,120,14,416,164,113,269,3,124,418,479,379,2,195,342,193,78,419,467,241,213,154,451,302,405,247,267,151,391,91,245,473,427,290,209,431,115,152,87,435,429,168,357,361,136,252,309,181,187,82,27,180,469,68,424,223,437,206,408,327,1,457,125,7,496,201,394,116,197,368,292,235,10,225,453,179,117,26,109,372,491,489,167,202,30,210,229,89,392,338,493,348,62,321,492,294,171,204,347,356,94,219,155,447,396,131,397,262,286,497,301,106,19,90,79,16,72,111,98,170,268,381,139,335,494,320,143,22,289,266,211,81,336,476,48,176,366,485,425,205,103,459,328,226,253,478,160,454,80,141,77,486,385,60,47,388,150,470,296,325,43,165,406,184,148,161,346,480,482,423,430,264,382,163,158,123,390,402,300,231,26565",NEH,0,1,0,832.3181038
1020200.txt ,"131,121,120,162,30,171,114,178,188,37,185,12,53,95,28,51,117,72,19,48,3,32,164,77,82,184,57,157,196,34,73,129,31,141,18,166,10,39,88,107,109,155,151,80,71,154,45,139,47,36,192,163,106,125,145,161,122,119,65,85,160,128,172,200,8,173,168,195,43,189,102,190,146,25,124,69,186,98,24,133,148,91,182,27,183,167,112,78,38,61,58,115,170,9,194,86,123,159,187,94,20,97,165,11,101,14,152,96,50,140,7,143,70,59,26,144,199,41,44,79,153,60,180,156,104,54,110,177,29,33,67,103,113,130,90,15,99,127,149,138,63,193,87,5,52,16,136,64,175,17,134,126,169,62,92,76,93,181,22,2,197,89,81,105,13,46,158,111,118,191,35,74,137,147,179,84,23,150,66,135,40,83,100,176,42,75,6,21,55,108,56,198,116,4,142,1,49,68,132,174,11685",NEH,0,5,1,295.1544989
520200.txt ,"162,185,38,171,193,176,45,180,31,78,100,101,27,103,125,151,21,3,105,69,42,128,33,65,90,155,5,173,108,80,157,96,130,163,147,161,98,13,48,167,170,192,102,122,47,28,30,126,120,145,146,25,116,37,7,23,63,94,177,123,141,72,156,182,150,158,110,86,40,142,118,57,135,34,32,75,85,159,179,196,99,14,8,41,82,16,134,169,175,29,165,70,184,154,107,26,133,183,56,89,109,46,19,111,44,1,4,20,52,113,87,67,149,91,186,199,197,124,174,152,138,112,187,188,24,95,11,189,83,119,121,12,143,181,60,137,172,136,39,132,97,74,77,168,106,22,36,131,76,43,53,178,18,61,166,55,15,71,190,79,88,58,73,54,64,160,2,68,6,17,127,200,49,195,51,92,140,9,191,164,194,115,50,148,144,114,117,84,59,104,62,153,93,129,198,139,66,10,35,81,11571",NEH,0,5,0,220.2842859
620200.txt ,"152,44,145,192,171,59,101,72,191,157,137,107,35,151,123,108,174,23,53,153,139,180,49,48,113,22,4,121,147,117,51,32,94,104,73,140,200,66,189,161,142,27,138,177,96,15,110,103,95,195,154,34,85,46,81,58,149,156,169,167,135,92,69,148,190,80,67,146,127,131,42,158,128,164,26,122,76,60,71,47,150,196,160,143,16,39,166,173,55,118,97,176,105,91,168,2,75,7,43,119,3,194,38,50,87,29,141,111,63,115,109,99,106,120,37,10,13,129,40,14,199,79,188,20,25,52,186,175,100,185,181,198,45,83,28,184,21,170,82,165,163,56,114,159,5,41,125,54,133,144,12,86,64,6,9,88,136,89,134,19,102,33,178,8,17,130,24,70,172,65,68,36,193,30,90,1,31,112,124,93,132,74,126,98,57,61,78,62,162,179,84,182,18,77,197,183,116,11,155,187,11550",RAND,0,5,0,165.1867107
720200.txt ,"65,23,80,140,143,194,164,32,168,141,166,163,200,9,35,98,62,193,92,44,159,190,136,109,27,2,110,18,56,31,125,198,181,124,78,85,57,182,89,66,21,180,151,156,111,91,116,175,128,129,105,153,101,114,45,122,138,75,42,162,3,58,169,196,53,64,146,68,74,63,12,4,59,16,7,154,86,144,104,137,24,61,52,87,14,102,37,149,1,30,84,33,188,127,131,95,183,132,189,94,187,145,8,40,88,142,73,39,20,47,25,46,152,173,67,184,93,6,54,90,112,150,48,186,99,51,100,26,171,81,76,22,70,148,72,157,113,117,29,11,134,41,195,103,60,10,172,179,69,96,167,34,28,83,176,115,126,77,55,5,50,191,199,107,130,97,155,43,170,174,147,106,185,17,15,165,123,178,49,118,161,158,135,121,19,177,82,36,71,119,38,108,192,133,160,197,139,13,79,120,11689",RAND,0,5,1,441.3862135
820200.txt ,"119,105,61,192,104,145,113,49,142,74,52,30,198,46,117,21,124,102,136,193,154,18,93,90,139,199,169,6,194,26,64,87,123,129,76,73,196,135,161,164,150,75,162,200,67,53,126,39,157,91,96,5,197,82,191,115,140,177,41,23,63,35,7,29,47,28,68,133,184,42,99,138,56,92,103,78,107,114,156,147,43,4,182,81,146,172,159,72,112,32,86,141,171,128,77,48,10,95,153,38,109,132,148,17,122,13,11,12,180,163,188,181,79,50,27,131,130,66,24,51,186,165,121,88,137,110,108,195,83,69,134,174,33,167,100,37,116,8,120,166,144,54,31,98,57,143,16,94,62,60,22,170,58,151,80,111,168,175,190,155,149,189,187,44,185,40,65,160,59,158,34,55,152,84,118,25,173,14,179,89,2,36,101,178,20,15,9,125,85,1,97,106,45,3,70,176,127,19,71,183,11652",RAND,0,5,1,201.3792771
1020500.txt ,"120,56,436,114,393,326,51,226,84,162,96,233,481,12,293,115,439,446,245,165,388,489,376,474,154,7,37,286,4,219,346,328,143,278,237,221,85,486,166,183,29,256,83,205,139,407,364,340,98,220,303,389,138,360,159,72,314,307,61,424,58,253,316,382,52,391,31,416,69,421,1,225,119,112,45,186,365,33,418,323,79,43,126,277,50,60,402,339,321,273,283,440,305,444,297,390,344,234,332,279,189,82,454,413,65,80,264,46,480,62,152,97,451,335,263,411,327,178,325,14,443,213,471,349,232,197,74,177,108,437,464,267,466,359,22,202,63,41,257,107,395,9,251,298,449,380,259,199,249,499,375,254,276,13,371,341,228,302,282,200,368,385,122,3,128,30,288,370,459,500,157,270,262,39,59,408,179,412,172,68,427,241,210,196,89,227,384,155,274,372,379,87,452,255,2,42,329,174,461,217,214,422,27,105,463,338,361,377,38,127,124,386,306,357,151,102,250,465,311,36,243,374,495,164,247,123,435,230,187,78,117,153,429,21,235,111,148,206,215,32,160,398,467,92,134,304,447,300,137,448,91,485,403,11,44,432,147,113,476,212,394,423,35,130,362,373,136,23,406,150,75,458,497,54,445,201,494,88,121,363,490,209,252,222,93,400,86,442,295,171,246,73,343,167,192,185,77,20,34,342,383,216,64,330,193,8,266,317,470,498,268,291,272,420,285,25,6,142,239,315,204,347,238,479,28,271,103,125,428,161,158,258,224,191,195,106,354,90,426,16,116,469,18,333,284,334,184,17,310,350,94,299,353,378,392,182,493,468,141,66,366,409,223,369,57,496,415,76,294,5,194,211,331,484,198,173,207,40,431,309,320,430,260,131,135,492,169,455,345,301,244,488,434,319,236,460,104,348,483,109,280,10,472,133,49,19,99,397,322,290,292,144,163,405,24,188,456,453,438,312,101,352,265,180,425,145,203,140,356,410,156,15,170,462,275,67,324,318,419,450,132,240,337,242,71,336,381,457,55,477,281,190,47,181,478,296,146,491,218,399,95,261,176,53,269,110,248,313,487,404,118,129,100,396,475,367,289,355,401,358,231,168,473,208,149,81,70,441,26,433,417,351,414,175,48,287,229,482,308,387,26874",RAND,0,1,0,1234.576539
320500.txt ,"347,227,342,303,492,45,162,329,38,299,395,215,144,34,21,470,70,78,203,167,10,431,204,182,275,313,231,443,464,219,444,146,86,91,229,321,385,63,414,11,88,455,328,80,171,186,473,302,300,451,51,491,364,490,121,436,184,236,3,66,372,429,152,134,119,388,56,466,430,410,79,74,412,151,150,147,92,112,108,238,12,333,40,53,297,224,49,158,122,353,487,89,428,330,163,346,72,265,417,424,254,136,379,120,222,327,19,33,27,483,448,37,498,326,177,194,58,294,375,396,425,349,393,344,274,452,439,495,471,234,2,256,281,319,225,384,366,14,301,348,179,31,286,241,404,245,419,351,416,23,195,465,360,382,228,486,191,199,378,30,5,386,157,214,381,207,369,192,17,332,240,65,434,435,433,499,285,259,173,306,463,406,132,264,117,135,139,242,39,187,9,71,352,477,338,394,18,233,226,249,337,270,24,255,189,111,398,305,125,421,345,314,196,1,266,423,154,357,82,115,291,138,269,387,50,190,85,320,355,441,127,252,446,298,124,496,100,335,389,271,93,81,239,161,142,141,102,90,247,105,283,113,317,462,403,365,77,339,497,83,488,175,482,310,181,156,260,230,106,220,76,267,331,200,61,323,28,401,180,380,62,399,110,174,402,95,288,438,374,104,284,422,185,137,253,493,44,309,453,36,54,4,304,377,246,307,103,216,35,69,129,20,221,343,409,400,367,420,268,472,101,461,7,131,279,251,133,392,165,235,130,476,123,263,440,183,55,160,118,481,8,371,449,210,47,99,445,467,193,485,494,237,456,244,128,172,98,29,262,484,153,341,46,318,22,67,87,43,166,442,64,178,59,356,460,209,370,426,354,149,148,96,250,84,16,289,340,94,159,322,258,368,15,57,116,75,361,13,411,278,413,358,363,48,290,114,155,73,432,376,292,427,469,232,25,143,315,459,208,97,26,408,168,293,170,325,397,324,197,169,107,60,296,405,42,212,373,450,479,205,457,211,52,336,145,282,188,68,41,280,500,418,489,272,277,202,475,311,206,6,312,480,350,308,218,316,447,295,276,140,468,478,407,415,287,198,437,261,217,32,458,164,248,391,213,383,273,201,359,109,334,223,243,390,176,454,126,474,257,362,26874",NEH,0,1,1,1136.571668
420500.txt ,"165,32,481,142,446,224,391,223,430,326,147,436,235,117,423,383,195,285,315,405,181,2,443,366,312,314,172,72,425,282,44,380,420,210,395,151,465,387,445,325,478,20,77,298,194,297,41,128,176,110,40,73,283,426,120,301,467,416,304,258,229,261,316,332,162,497,66,33,113,30,1,413,302,268,394,300,215,479,472,222,269,464,185,104,408,126,74,462,129,156,139,264,184,484,336,26,330,498,270,404,131,342,456,492,390,482,305,434,31,5,246,211,105,296,96,143,22,71,230,65,88,154,286,327,81,58,64,197,369,361,212,232,335,201,102,137,177,288,52,271,354,51,250,220,237,401,170,437,163,36,459,378,365,234,247,309,80,167,381,496,343,7,57,18,399,485,67,217,449,474,442,370,403,400,295,225,324,190,111,344,149,483,292,238,119,164,396,466,226,411,435,471,169,242,216,125,321,236,333,427,356,386,452,260,9,284,6,363,118,121,132,438,294,46,470,458,487,127,10,480,475,424,97,69,491,265,263,277,412,254,85,55,272,35,429,248,130,239,409,192,178,205,206,54,334,34,146,256,340,490,311,440,171,203,94,45,360,182,428,103,243,174,231,144,317,257,25,138,12,116,347,89,99,50,310,392,281,84,444,91,468,259,494,107,53,351,227,13,382,353,109,43,98,148,200,141,328,159,398,11,432,384,447,495,338,371,320,83,123,213,418,477,346,63,406,463,275,70,379,450,358,180,157,68,278,150,299,469,209,23,337,372,39,79,92,374,359,473,38,49,455,16,402,273,329,75,331,218,19,86,362,233,244,280,364,168,133,433,276,189,493,439,293,349,193,489,76,414,21,262,78,303,290,431,453,448,488,249,202,417,367,166,161,245,61,108,27,500,323,28,199,255,48,153,266,441,198,106,308,322,158,93,350,421,214,451,454,8,319,407,90,173,59,191,373,135,95,136,24,240,385,422,241,307,457,221,287,348,419,352,4,60,152,410,17,318,375,388,368,461,42,14,415,460,228,145,155,188,3,207,82,499,253,101,486,124,397,289,389,140,267,112,377,56,37,204,100,355,357,313,114,252,219,87,175,122,274,251,47,341,279,393,339,179,306,208,476,134,186,29,115,196,376,62,15,160,187,183,345,291,26874",NEH,0,1,1,872.6977387
520500.txt ,"327,420,87,314,22,239,360,100,266,61,320,226,349,469,257,114,311,63,378,58,204,440,422,152,322,473,3,253,6,362,352,396,211,115,452,65,370,410,390,321,458,301,465,271,299,160,328,143,98,476,357,439,38,174,91,197,128,43,331,84,168,278,413,267,31,39,372,441,70,459,99,93,412,384,51,379,200,172,169,109,368,55,7,398,213,326,37,272,448,334,111,484,120,240,1,236,426,251,155,165,483,432,336,50,248,225,208,478,450,101,460,163,106,127,199,140,96,164,443,122,399,49,246,315,153,175,294,433,477,210,355,297,220,24,167,471,387,485,10,157,337,130,184,242,429,206,121,21,80,83,494,371,89,217,148,382,126,62,20,283,346,82,407,416,479,323,373,219,302,291,78,353,57,250,41,394,77,492,18,496,474,254,145,339,228,361,280,335,105,487,300,95,423,86,19,275,256,88,40,444,189,319,304,388,185,132,107,144,166,135,401,72,110,118,289,403,446,134,447,131,17,350,151,11,400,125,354,425,5,449,268,381,296,293,262,411,461,287,224,34,277,295,463,273,227,173,112,455,454,369,28,149,424,218,94,456,303,445,408,260,418,2,386,500,498,258,116,237,316,281,231,391,480,358,75,317,188,133,212,486,481,282,404,341,419,30,221,427,364,318,33,36,74,129,285,73,8,181,415,309,141,137,428,124,81,71,436,233,202,142,290,139,44,138,393,274,214,222,32,395,340,308,402,255,329,182,136,191,380,392,16,377,170,365,238,229,190,376,203,472,325,342,437,192,366,270,59,183,146,76,374,60,338,313,46,108,417,247,186,344,9,180,491,324,497,406,409,434,56,435,397,123,103,305,261,179,359,235,263,64,161,67,177,97,90,332,244,347,286,298,457,363,385,438,464,156,68,178,292,269,162,345,389,348,158,232,414,13,119,431,475,14,154,117,26,467,47,12,383,23,405,79,35,69,216,52,430,176,4,29,25,150,307,159,53,306,193,42,147,196,288,187,453,92,276,442,499,249,194,85,265,195,198,310,343,495,207,279,490,488,421,205,482,66,230,330,223,312,468,493,367,245,284,102,466,234,215,201,104,54,241,451,356,470,351,462,252,243,489,259,48,264,209,333,27,171,113,15,375,45,26859",RAND,0,1,0,704.369698
